{"stats":{"minecraft:mined":{"minecraft:granite":5,"minecraft:grass":2,"minecraft:acacia_log":20,"minecraft:grass_block":2,"minecraft:dirt":3,"minecraft:cobblestone":3,"minecraft:stone":4,"minecraft:chiseled_stone_bricks":1},"minecraft:crafted":{"minecraft:crafting_table":1,"minecraft:stick":8,"hunting_delight:animal_fat":9,"minecraft:stone_pickaxe":1,"minecraft:stone_sword":1,"minecraft:acacia_planks":8},"minecraft:killed_by":{"minecraft:drowned":2,"minecraft:spider":1},"minecraft:killed":{"minecraft:pig":4},"minecraft:picked_up":{"minecraft:chiseled_stone_bricks":1,"minecraft:acacia_log":20,"minecraft:porkchop":7,"hunting_delight:animal_fat_block":1,"minecraft:mossy_cobblestone":1,"minecraft:dirt":5,"hunting_delight:animal_fat":10,"hunting_delight:broken_bone":10,"minecraft:granite":5,"minecraft:cobblestone":7},"minecraft:used":{"minecraft:stone_sword":8,"minecraft:stone_pickaxe":9,"minecraft:dirt":5,"minecraft:cobblestone":2,"minecraft:crafting_table":1,"bunker_down:brittle_pickaxe":4,"tombstone:gift":1,"minecraft:potato":15,"minecraft:granite":5,"minecraft:golden_axe":20},"minecraft:dropped":{"minecraft:chiseled_stone_bricks":1,"minecraft:mossy_cobblestone":1,"hunting_delight:broken_bone":7},"minecraft:custom":{"minecraft:time_since_rest":87,"minecraft:sprint_one_cm":6430,"minecraft:damage_taken":815,"minecraft:walk_one_cm":14205,"minecraft:mob_kills":4,"minecraft:drop":3,"minecraft:damage_dealt":410,"minecraft:swim_one_cm":45481,"minecraft:interact_with_crafting_table":2,"minecraft:fly_one_cm":217449,"minecraft:open_chest":13,"minecraft:crouch_one_cm":2284,"minecraft:play_time":24746,"minecraft:deaths":3,"minecraft:sneak_time":1284,"minecraft:walk_under_water_one_cm":53155,"minecraft:jump":133,"minecraft:leave_game":1,"minecraft:walk_on_water_one_cm":18516,"minecraft:time_since_death":0,"minecraft:sleep_in_bed":1,"minecraft:climb_one_cm":1227,"minecraft:total_world_time":24746,"minecraft:fall_one_cm":3687}},"DataVersion":3120}