{"stats":{"minecraft:mined":{"minecraft:granite":5,"minecraft:acacia_log":20,"minecraft:grass_block":2,"minecraft:cobblestone":3,"minecraft:tall_grass":2,"minecraft:chiseled_stone_bricks":1,"minecraft:iron_ore":4,"minecraft:grass":4,"minecraft:oak_log":17,"minecraft:dirt":3,"minecraft:stone":32},"minecraft:crafted":{"minecraft:oak_planks":8,"minecraft:cooked_porkchop":3,"minecraft:crafting_table":3,"minecraft:furnace":2,"minecraft:air":0,"minecraft:stick":8,"hunting_delight:animal_fat":9,"minecraft:iron_ingot":3,"minecraft:stone_pickaxe":2,"minecraft:stone_sword":1,"minecraft:acacia_planks":8,"hunting_delight:huntingknife":1},"minecraft:killed_by":{"minecraft:spider":1,"minecraft:zombie":1,"minecraft:drowned":2},"minecraft:killed":{"minecraft:pig":4,"minecraft:creeper":3,"minecraft:zombie":2},"minecraft:picked_up":{"minecraft:oak_log":17,"minecraft:gunpowder":12,"minecraft:dirt":6,"minecraft:apple":1,"minecraft:raw_iron":4,"minecraft:chiseled_stone_bricks":1,"minecraft:acacia_log":20,"minecraft:porkchop":7,"hunting_delight:animal_fat_block":1,"minecraft:mossy_cobblestone":1,"hunting_delight:animal_fat":10,"minecraft:rotten_flesh":1,"minecraft:granite":5,"hunting_delight:broken_bone":38,"tombstone:magic_scroll":1,"hunting_delight:worm":1,"minecraft:cobblestone":35},"minecraft:used":{"minecraft:stone_sword":33,"minecraft:stone_pickaxe":38,"minecraft:golden_apple":1,"minecraft:dirt":6,"minecraft:crafting_table":3,"bunker_down:brittle_pickaxe":4,"minecraft:carrot":6,"minecraft:granite":5,"tombstone:bag_of_seeds":2,"minecraft:oak_log":1,"minecraft:apple":1,"minecraft:cobblestone":7,"minecraft:cooked_porkchop":1,"minecraft:furnace":2,"tombstone:gift":1,"minecraft:potato":15,"minecraft:golden_axe":37,"minecraft:golden_pickaxe":4},"minecraft:dropped":{"minecraft:wheat_seeds":3,"minecraft:cocoa_beans":1,"minecraft:mossy_cobblestone":1,"hunting_delight:broken_bone":32,"minecraft:pumpkin_seeds":2,"minecraft:chiseled_stone_bricks":1,"minecraft:beetroot_seeds":6,"minecraft:stone_pickaxe":1},"minecraft:custom":{"minecraft:interact_with_furnace":6,"minecraft:mob_kills":9,"minecraft:interact_with_crafting_table":8,"minecraft:leave_game":2,"minecraft:time_since_death":3930,"minecraft:sleep_in_bed":1,"minecraft:climb_one_cm":2041,"minecraft:time_since_rest":3429,"minecraft:sprint_one_cm":22798,"minecraft:walk_one_cm":43196,"minecraft:damage_taken":1410,"minecraft:damage_absorbed":40,"minecraft:drop":14,"minecraft:damage_dealt":1490,"minecraft:swim_one_cm":45481,"minecraft:fly_one_cm":334587,"minecraft:open_chest":13,"minecraft:crouch_one_cm":3628,"minecraft:play_time":40575,"tombstone:undead_killed":2,"minecraft:deaths":4,"minecraft:sneak_time":2040,"minecraft:walk_under_water_one_cm":70349,"minecraft:jump":439,"minecraft:walk_on_water_one_cm":21651,"minecraft:total_world_time":40575,"minecraft:fall_one_cm":10548}},"DataVersion":3120}