{"stats":{"minecraft:used":{"minecraft:stone_sword":35,"minecraft:stone_pickaxe":38,"minecraft:golden_apple":1,"minecraft:dirt":6,"minecraft:crafting_table":3,"bunker_down:brittle_pickaxe":4,"minecraft:carrot":6,"minecraft:granite":5,"minecraft:oak_log":2,"tombstone:bag_of_seeds":2,"minecraft:apple":1,"minecraft:cobblestone":24,"minecraft:furnace":2,"minecraft:cooked_porkchop":1,"minecraft:andesite":1,"tombstone:gift":1,"minecraft:potato":15,"minecraft:golden_pickaxe":11,"minecraft:golden_axe":37},"minecraft:crafted":{"minecraft:oak_planks":8,"minecraft:cooked_porkchop":7,"minecraft:crafting_table":3,"minecraft:furnace":2,"minecraft:air":0,"minecraft:stick":8,"hunting_delight:animal_fat":9,"minecraft:iron_ingot":3,"minecraft:stone_pickaxe":2,"minecraft:stone_sword":1,"minecraft:acacia_planks":8,"hunting_delight:huntingknife":1},"minecraft:custom":{"minecraft:interact_with_furnace":7,"minecraft:mob_kills":11,"minecraft:interact_with_crafting_table":8,"minecraft:leave_game":3,"minecraft:time_since_death":4554,"minecraft:sleep_in_bed":1,"minecraft:climb_one_cm":2041,"minecraft:time_since_rest":2155,"minecraft:sprint_one_cm":22798,"minecraft:walk_one_cm":45082,"minecraft:damage_taken":1662,"minecraft:damage_absorbed":40,"minecraft:drop":14,"minecraft:damage_dealt":1527,"minecraft:swim_one_cm":45625,"minecraft:fly_one_cm":393449,"minecraft:open_chest":13,"minecraft:crouch_one_cm":4200,"minecraft:play_time":45983,"tombstone:undead_killed":4,"minecraft:deaths":5,"minecraft:sneak_time":2480,"minecraft:walk_under_water_one_cm":76996,"minecraft:jump":461,"minecraft:walk_on_water_one_cm":23273,"minecraft:total_world_time":45983,"minecraft:fall_one_cm":10548},"minecraft:killed_by":{"minecraft:spider":1,"minecraft:zombie":2,"minecraft:drowned":2},"minecraft:dropped":{"minecraft:wheat_seeds":3,"minecraft:cocoa_beans":1,"minecraft:mossy_cobblestone":1,"hunting_delight:broken_bone":32,"minecraft:pumpkin_seeds":2,"minecraft:chiseled_stone_bricks":1,"minecraft:beetroot_seeds":6,"minecraft:stone_pickaxe":1},"minecraft:killed":{"minecraft:pig":4,"minecraft:creeper":3,"minecraft:zombie":4},"minecraft:picked_up":{"minecraft:andesite":1,"minecraft:oak_log":17,"minecraft:gunpowder":12,"minecraft:dirt":6,"minecraft:apple":1,"minecraft:iron_ingot":1,"minecraft:furnace":2,"minecraft:raw_iron":4,"minecraft:chiseled_stone_bricks":1,"minecraft:acacia_log":20,"minecraft:porkchop":7,"hunting_delight:animal_fat":10,"minecraft:mossy_cobblestone":1,"hunting_delight:animal_fat_block":1,"minecraft:rotten_flesh":2,"minecraft:granite":5,"hunting_delight:broken_bone":42,"tombstone:magic_scroll":2,"hunting_delight:worm":1,"minecraft:coal":12,"minecraft:cobblestone":40},"minecraft:mined":{"minecraft:granite":5,"minecraft:acacia_log":20,"minecraft:grass_block":2,"minecraft:cobblestone":8,"minecraft:tall_grass":2,"minecraft:chiseled_stone_bricks":1,"minecraft:furnace":2,"minecraft:iron_ore":4,"minecraft:grass":4,"minecraft:oak_log":17,"minecraft:dirt":3,"minecraft:stone":32}},"DataVersion":3120}