{"stats":{"minecraft:mined":{"minecraft:granite":5,"minecraft:grass":2,"minecraft:acacia_log":20,"minecraft:grass_block":2,"minecraft:dirt":3,"minecraft:cobblestone":3,"minecraft:stone":4,"minecraft:chiseled_stone_bricks":1},"minecraft:crafted":{"minecraft:crafting_table":1,"minecraft:stick":8,"hunting_delight:animal_fat":9,"minecraft:stone_pickaxe":1,"minecraft:stone_sword":1,"minecraft:acacia_planks":8},"minecraft:killed_by":{"minecraft:drowned":2,"minecraft:spider":1},"minecraft:killed":{"minecraft:pig":4},"minecraft:picked_up":{"minecraft:chiseled_stone_bricks":1,"minecraft:acacia_log":20,"minecraft:porkchop":7,"hunting_delight:animal_fat":10,"minecraft:mossy_cobblestone":1,"minecraft:dirt":5,"hunting_delight:animal_fat_block":1,"hunting_delight:broken_bone":10,"minecraft:granite":5,"minecraft:cobblestone":7},"minecraft:used":{"tombstone:bag_of_seeds":2,"minecraft:stone_sword":8,"minecraft:stone_pickaxe":9,"minecraft:dirt":5,"minecraft:cobblestone":2,"minecraft:crafting_table":1,"bunker_down:brittle_pickaxe":4,"tombstone:gift":1,"minecraft:potato":15,"minecraft:granite":5,"minecraft:golden_axe":20},"minecraft:dropped":{"minecraft:chiseled_stone_bricks":1,"minecraft:mossy_cobblestone":1,"hunting_delight:broken_bone":7},"minecraft:custom":{"minecraft:time_since_rest":3361,"minecraft:sprint_one_cm":9615,"minecraft:damage_taken":815,"minecraft:walk_one_cm":17961,"minecraft:mob_kills":4,"minecraft:drop":3,"minecraft:damage_dealt":410,"minecraft:swim_one_cm":45481,"minecraft:interact_with_crafting_table":2,"minecraft:fly_one_cm":302311,"minecraft:open_chest":13,"minecraft:crouch_one_cm":2284,"minecraft:play_time":30579,"minecraft:deaths":3,"minecraft:sneak_time":1490,"minecraft:walk_under_water_one_cm":70349,"minecraft:jump":189,"minecraft:leave_game":1,"minecraft:time_since_death":5568,"minecraft:walk_on_water_one_cm":21310,"minecraft:sleep_in_bed":1,"minecraft:climb_one_cm":2041,"minecraft:total_world_time":30579,"minecraft:fall_one_cm":4523}},"DataVersion":3120}