{"stats":{"minecraft:mined":{"minecraft:cobblestone":3},"minecraft:killed_by":{"minecraft:drowned":1},"minecraft:picked_up":{"minecraft:cobblestone":3},"minecraft:used":{"tombstone:gift":1,"bunker_down:brittle_pickaxe":3},"minecraft:custom":{"minecraft:jump":28,"minecraft:open_chest":6,"minecraft:time_since_rest":2216,"minecraft:deaths":1,"minecraft:damage_dealt":2,"minecraft:crouch_one_cm":371,"minecraft:damage_taken":270,"minecraft:sprint_one_cm":744,"minecraft:play_time":4761,"minecraft:walk_on_water_one_cm":6156,"minecraft:time_since_death":2576,"minecraft:walk_one_cm":1871,"minecraft:sneak_time":123,"minecraft:climb_one_cm":558,"minecraft:total_world_time":4761,"minecraft:walk_under_water_one_cm":8287,"minecraft:swim_one_cm":19746,"minecraft:fall_one_cm":212,"minecraft:fly_one_cm":45854}},"DataVersion":3120}