{"stats":{"minecraft:mined":{"minecraft:cobblestone":3,"minecraft:chiseled_stone_bricks":1},"minecraft:killed_by":{"minecraft:drowned":2},"minecraft:picked_up":{"minecraft:chiseled_stone_bricks":1,"minecraft:mossy_cobblestone":1,"minecraft:cobblestone":3},"minecraft:used":{"bunker_down:brittle_pickaxe":4,"tombstone:gift":1,"minecraft:potato":15},"minecraft:dropped":{"minecraft:chiseled_stone_bricks":1,"hunting_delight:broken_bone":7,"minecraft:mossy_cobblestone":1},"minecraft:custom":{"minecraft:time_since_rest":5720,"minecraft:open_chest":13,"minecraft:crouch_one_cm":1693,"minecraft:play_time":16761,"minecraft:sprint_one_cm":1121,"minecraft:walk_one_cm":5948,"minecraft:damage_taken":585,"minecraft:deaths":2,"minecraft:sneak_time":801,"minecraft:walk_under_water_one_cm":48094,"minecraft:drop":3,"minecraft:jump":68,"minecraft:damage_dealt":20,"minecraft:time_since_death":8790,"minecraft:walk_on_water_one_cm":14266,"minecraft:sleep_in_bed":1,"minecraft:total_world_time":16761,"minecraft:climb_one_cm":960,"minecraft:swim_one_cm":40779,"minecraft:fall_one_cm":692,"minecraft:fly_one_cm":188106}},"DataVersion":3120}