{"stats":{"minecraft:mined":{"minecraft:tall_grass":4,"minecraft:oak_log":4,"minecraft:oak_leaves":2},"minecraft:crafted":{"minecraft:crafting_table":1,"minecraft:oak_planks":16,"minecraft:stick":4},"minecraft:picked_up":{"minecraft:oak_log":4},"minecraft:used":{"minecraft:crafting_table":1},"minecraft:custom":{"minecraft:jump":69,"minecraft:time_since_rest":5943,"minecraft:crouch_one_cm":110,"minecraft:sprint_one_cm":7854,"minecraft:leave_game":1,"minecraft:play_time":5943,"minecraft:damage_taken":70,"minecraft:time_since_death":5943,"minecraft:walk_one_cm":3030,"minecraft:sneak_time":223,"minecraft:total_world_time":5943,"minecraft:interact_with_crafting_table":6,"minecraft:fall_one_cm":2403,"minecraft:fly_one_cm":15734}},"DataVersion":3120}