{"stats":{"minecraft:mined":{"minecraft:furnace":1,"minecraft:iron_ore":2,"minecraft:crafting_table":3,"minecraft:grass":4,"minecraft:grass_block":7,"minecraft:oak_log":4,"hunting_delight:pigcorpse":1,"minecraft:dirt":4,"minecraft:cobblestone":1,"minecraft:tall_grass":4,"minecraft:stone":23,"minecraft:oxeye_daisy":1,"minecraft:oak_leaves":3},"minecraft:crafted":{"minecraft:oak_planks":16,"minecraft:stone_shovel":1,"minecraft:cobblestone":1188,"minecraft:cooked_porkchop":3,"minecraft:crafting_table":1,"minecraft:stick":16,"minecraft:iron_ingot":2,"minecraft:wooden_pickaxe":1,"minecraft:stone_sword":1,"minecraft:furnace":1,"hunting_delight:pebble":1188,"minecraft:stone_axe":1,"minecraft:air":0,"hunting_delight:huntingknife":1},"minecraft:killed_by":{"minecraft:skeleton":1},"minecraft:killed":{"minecraft:pig":5},"minecraft:picked_up":{"minecraft:raw_iron":2,"minecraft:crafting_table":3,"minecraft:porkchop":17,"minecraft:oak_log":4,"minecraft:dirt":8,"hunting_delight:animal_fat":8,"minecraft:apple":1,"minecraft:wheat_seeds":1,"minecraft:stone_pickaxe":1,"hunting_delight:broken_bone":10,"hunting_delight:pigcorpse":1,"minecraft:oak_sapling":2,"minecraft:furnace":1,"minecraft:cobblestone":23,"minecraft:oxeye_daisy":1},"minecraft:used":{"minecraft:stone_sword":6,"minecraft:stone_shovel":11,"minecraft:stone_pickaxe":25,"minecraft:wooden_pickaxe":2,"minecraft:stone_axe":13,"minecraft:dirt":4,"minecraft:cobblestone":7,"minecraft:crafting_table":3,"minecraft:cooked_porkchop":2,"minecraft:furnace":1,"minecraft:porkchop":4,"tombstone:gift":1},"minecraft:dropped":{"hunting_delight:pigcorpse":1,"minecraft:oak_planks":1,"minecraft:wooden_pickaxe":1},"minecraft:custom":{"minecraft:time_since_rest":244,"minecraft:interact_with_furnace":8,"minecraft:sprint_one_cm":14780,"minecraft:damage_taken":560,"minecraft:walk_one_cm":11123,"minecraft:mob_kills":6,"minecraft:drop":3,"minecraft:damage_dealt":636,"minecraft:interact_with_crafting_table":20,"minecraft:fly_one_cm":25676,"minecraft:crouch_one_cm":5980,"minecraft:play_time":15939,"minecraft:deaths":1,"minecraft:sneak_time":1767,"minecraft:jump":136,"minecraft:leave_game":2,"minecraft:time_since_death":315,"minecraft:total_world_time":15939,"minecraft:fall_one_cm":5109}},"DataVersion":3120}